S/N,Title,Images,Shelflist,Position,Author,Category,SubCategory,Publisher,Description,Tags
1927,Crazy cat and the stars,https://lotuscommunity.org.vn/wp-content/uploads/2021/05/Crazy-cat-and-the-stars.jpg,6-4,025,Gill Munton,Sách truyện thiếu nhi,3-6 tuổi,Macmillan Education,Teaching phonics is recognised educationally as an essential part of the teaching of reading and writing. This reading scheme teaches children how to sound out words and blend sounds to read words and to segment the sounds in the words in order to accurately spell them.,3-6 tuổi
2004,Daisy plays hide-and-seek,https://lotuscommunity.org.vn/wp-content/uploads/2021/05/Daisy-plays-hide-and-seek.jpg,6-1,031,Ellie Sandall,Sách truyện thiếu nhi,3-6 tuổi,Egmont,"Daisy is a very special cow. Like a chameleon, she can take on the colours of the things around her, which makes her extremely good at playing hide and seek. Will her friend Jake be able to find her? Will you?
",3-6 tuổi
2051,Dear dragon goes camping,https://lotuscommunity.org.vn/wp-content/uploads/2021/05/Dear-dragon-goes-camping.jpg,6-3,007,Margaret Hillert,Sách truyện thiếu nhi,3-6 tuổi,Norwood House,A boy and his pet dragon go exploring and have fun on a family camping trip.,3-6 tuổi
2135,Dick and Jane: we play and pretend,https://lotuscommunity.org.vn/wp-content/uploads/2021/05/Dick-and-Jane-we-play-and-pretend.jpg,6-2,043,Grosset & Dunlap ,Sách truyện thiếu nhi,3-6 tuổi,Grosset & Dunlap,"Dick, Jane, and Sally are dressed up for a game of make-believe. Spot and Puff are there too. Where will they go after they take a ride in their pretend car?",3-6 tuổi
2180,Discovering nature's alphabet,https://lotuscommunity.org.vn/wp-content/uploads/2021/05/Discovering-nature_s-alphabet.jpg,4-2,052,Krystina Castella,Sách truyện thiếu nhi,3-6 tuổi,Heydey,"If you stand in just the right place, at just the right time, you are going to see some pretty amazing things. Like the three tall branches leaning against one another, creating the letter A. Or the spines of a cactus forming the letter F. And it looks like that bent, twisting tree trunk makes the bars of the letter K with that straight trunk in the foreground. Discovering Nature's Alphabet is more than an ABC book: it's a hiking game and alphabet hunt.",3-6 tuổi
2181,Discovering nature's alphabet,https://lotuscommunity.org.vn/wp-content/uploads/2021/05/Discovering-nature_s-alphabet.jpg,4-2,053,Krystina Castella,Sách truyện thiếu nhi,3-6 tuổi,Heydey,"If you stand in just the right place, at just the right time, you are going to see some pretty amazing things. Like the three tall branches leaning against one another, creating the letter A. Or the spines of a cactus forming the letter F. And it looks like that bent, twisting tree trunk makes the bars of the letter K with that straight trunk in the foreground. Discovering Nature's Alphabet is more than an ABC book: it's a hiking game and alphabet hunt.",3-6 tuổi
2325,Dragon's apple picking day,https://lotuscommunity.org.vn/wp-content/uploads/2021/05/Dragon_s-apple-picking-day.jpg,5-4,035,Janie Stevens,Sách truyện thiếu nhi,3-6 tuổi,Scholastic,"Dragon is picking apples from a tree in his backyard! He wants to give one apple to each of his four friends. Dragon picks three apples from the tree, but the last apple is out of his reach. Will he find a way to get the fourth apple?",3-6 tuổi
2327,Dragon's fall fair,https://lotuscommunity.org.vn/wp-content/uploads/2021/05/Dragon_s-fall-fair.jpg,6-2,038,Mara Conlon,Sách truyện thiếu nhi,3-6 tuổi,Scholastic,"It's the first day of fall! Beaver suggests that Dragon celebrate the season with a Fall Fair. But Dragon has never been to a Fall Fair! Dragon and his friends find their own creative ways to go on a hay ride and make a fun house. At the end of the day, Beaver says he's never been to a Fall Fair like Dragon's!",3-6 tuổi
2372,Drum city,https://lotuscommunity.org.vn/wp-content/uploads/2021/05/Drum-city.jpg,4-3,018,Thea Guidone,Sách truyện thiếu nhi,3-6 tuổi,Dragonfly Books,"What begins with one boy's beat on a kettle soon spreads to pots and pans and cartons and cans all across the neighborhood. When everyone joins in, together they create the catchy, driving tempo of a bright, hot DRUM CITY!",3-6 tuổi
2373,Drum city,https://lotuscommunity.org.vn/wp-content/uploads/2021/05/Drum-city.jpg,6-1,016,Thea Guidone,Sách truyện thiếu nhi,3-6 tuổi,Dragonfly Books,"What begins with one boy's beat on a kettle soon spreads to pots and pans and cartons and cans all across the neighborhood. When everyone joins in, together they create the catchy, driving tempo of a bright, hot DRUM CITY!",3-6 tuổi
2381,Duck sock hop,https://lotuscommunity.org.vn/wp-content/uploads/2021/05/Duck-sock-hop.jpg,5-4,018,Jane Kohuth,Sách truyện thiếu nhi,3-6 tuổi,Dial Books,"In this tongue-twisting, toe-tapping picture book, ducks grab socks from a big sock box and head on down to the duck sock hop. In socks with stripes and socks with spots, socks with squares and socks with dots, these brightly, boldly illustrated ducks dance until their socks go rip; and ducks teeter, tumble, twist, and trip. But not to worry; in this preschool-perfect read-aloud, when one sock hop ends, the countdown to the next one begins. So, prepare for a feel-good, giggle-inducing read.",3-6 tuổi
2621,Except the color grey,https://lotuscommunity.org.vn/wp-content/uploads/2021/05/Except-the-color-grey.jpg,4-3,045,Arlene Alda,Sách truyện thiếu nhi,3-6 tuổi,Tundra Books,"Arlene Alda has created several photo essays for very young readers, and this one, with its simple concept and clever presentation should sell as well as her very popular Did You Say Pears? A clever look at colors for the very young.",3-6 tuổi
2819,Find the cat,https://lotuscommunity.org.vn/wp-content/uploads/2021/05/Find-the-cat.jpg,6-2,025,Gwendolyn Hooks,Sách truyện thiếu nhi,3-6 tuổi,Stone Arch Books,"Kayla's cat, Daisy, is missing. Kayla is so worried. She calls her friends, and soon enough the entire Pet Club is on the case.",3-6 tuổi
2838,Firefly summer,https://lotuscommunity.org.vn/wp-content/uploads/2021/05/Firefly-summer.jpg,4-3,041,Lorien Trover Hardy,Sách truyện thiếu nhi,3-6 tuổi,Picture Window Books,"Chester's mom teaches him a song about fireflies. Learn the song along with Chester. One, two, three...",3-6 tuổi
2986,Foxy,https://lotuscommunity.org.vn/wp-content/uploads/2021/05/Foxy.jpg,5-2,017,Emma Dodd,Sách truyện thiếu nhi,3-6 tuổi,HarperCollins,"Foxy has a special talent: He is magically able to produce anything he needs from his bushy red tail. Sometimes Foxy comes up with the wrong solutions, such as the time he tried to give his friend Emily an eraser for school and gave her an elephant instead! Fortunately, Foxy's magic mishaps can always be fixed. And he knows that some very important things - like making new friends - don't require any magic at all.",3-6 tuổi
3214,Giant storytime books: Little mermaid,https://lotuscommunity.org.vn/wp-content/uploads/2021/05/Giant-storytime-books-Little-mermaid.jpg,4-3,001,Hayley Down,Sách truyện thiếu nhi,3-6 tuổi,Castle Street Press,An entertaining retelling of the story of the Little Mermaid.,3-6 tuổi
3252,"Go, go, grapes: a fruit chant",https://lotuscommunity.org.vn/wp-content/uploads/2021/05/Go-go-grapes-a-fruit-chant.jpg,5-4,026,April Pulley Sayre,Sách truyện thiếu nhi,3-6 tuổi,Little Simon,"Calling all fruit fanatics! Get ready to go bananas at the market, where the aisles are filled with eye-popping displays of delicious and nutritious fruits. Ripe with raucous rhyming text and bushels of fantastic farmer's market photos, this board book celebrates the joys of healthy eating. Children will be chanting along in no time - and trying to snatch fruity snacks right off the page!",3-6 tuổi
3253,"Go, Rainbow Dash",https://lotuscommunity.org.vn/wp-content/uploads/2021/05/Go-Rainbow-Dash.jpg,4-5,016,My Little Pony,Sách truyện thiếu nhi,3-6 tuổi,Orchard Books,"Rainbow Dash's parents are her biggest fans, Sometimes they're a bit embarrassing ... but she soon realizes how much they mean to her!",3-6 tuổi
3385,Grandparents' day,https://lotuscommunity.org.vn/wp-content/uploads/2021/05/Grandparents_-day.jpg,6-1,054,Greta Mackie,Sách truyện thiếu nhi,3-6 tuổi,Macmillan Education,How do we celebrate how much our grandparents love us? Read this book to find out.,3-6 tuổi
3569,Hatching chicks,https://lotuscommunity.org.vn/wp-content/uploads/2021/05/Hatching-chicks.jpg,4-2,048,Susan Blackaby,Sách truyện thiếu nhi,3-6 tuổi,Picture Window Books,"Mrs. Shay brings to class seven eggs from her hen, and her students take care of them until they hatch.",3-6 tuổi
3884,Houndsley and Catina and the birthday surprise,https://lotuscommunity.org.vn/wp-content/uploads/2021/05/Houndsley-and-Catina-and-the-birthday-surprise.jpg,5-3,027,James Howe,Sách truyện thiếu nhi,3-6 tuổi,"Candlewick Press,U.S.","Published in beginning-reader format, this gentle story will appeal to children's compassion as well as their sense of humor. -- Booklist Houndsley is sad. Not because it's raining or because there are holes in his sweater, but because he doesn't know when his birthday is. And now Catina is sad, too. But friends are good at cheering each other up, and Houndsley and Catina are the best of friends. So it won't be long before they each discover, in a most surprising way, how a first-rate friend can brighten even the saddest days.",3-6 tuổi
3920,How do dinosaurs eat their food,https://lotuscommunity.org.vn/wp-content/uploads/2021/05/How-do-dinosaurs-eat-their-food.jpg,4-5,001,Jane Yolen,Sách truyện thiếu nhi,3-6 tuổi,HarperCollins Children's Books,"The popular HOW DO DINOSAURS… series continues with a hilarious look at dinosaurs at dinner time!

When dinosaurs eat their food, what do they do?
This book runs through the gamut of mealtime bad behaviour, satisfyingly concluding with impeccably behaved dinosaur dinner guests:

'Eat up. Eat up, little dinosaur.'

A sure-fire winner with parents of young children – it will be an invaluable help with meal time manners.",3-6 tuổi
3961,How many are there?,https://lotuscommunity.org.vn/wp-content/uploads/2021/05/How-many-are-there.jpg,5-1,047,Jo Cleland,Sách truyện thiếu nhi,3-6 tuổi,Rourke Pub Group,"Introduces non-specific number words, such as ""all,"" ""few,"" ""many,"" and ""none,"" as well as size words that depend on comparison, such as ""enormous"" and ""tiny.""",3-6 tuổi
3963,How many donkeys?,https://lotuscommunity.org.vn/wp-content/uploads/2021/05/How-many-donkeys.jpg,5-4,045,Margaret Read MacDonald,Sách truyện thiếu nhi,3-6 tuổi,Albert Whitman & Company,"Jouha is loading his donkeys with dates to sell at the market. How many donkeys are there? His son helps him count ten, but once the journey starts, things change. First there are ten donkeys, then there are nine! When Jouha stops to count again, the lost donkey is back. What's going on? Silly Jouha doesn't get it, but by the end of the story, wise readers will be counting correctly-and in Arabic!",3-6 tuổi
4202,I see the moon,https://lotuscommunity.org.vn/wp-content/uploads/2021/05/I-see-the-moon.jpg,6-1,026,Kathi Appelt,Sách truyện thiếu nhi,3-6 tuổi,William B. Eerdmans Publishing Company,"I see the moon, and the moon sees me. Does anyone know I'm alone here at sea? A little girl dreams that she's all alone at sea in a tiny boat. It's dark, and the sea is scary. Then she sees the gentle moon, the first sign of God's love. The moon, the stars, and at last the sun lend enough light to lead her back to shore, where she realizes she was never alone at all. God has brought her safely home. Based on a traditional children's rhyme, Kathy Appelt's poetic text and Debra Reid Jenkins' imaginative and dramatic paintings, accented in gold leaf, convey a sense of mystery and wonder and make this book a perfect illustration of God's abiding love.",3-6 tuổi
4213,I spy something wonderful,https://lotuscommunity.org.vn/wp-content/uploads/2021/05/I-spy-something-wonderful.jpg,6-1,006,David Conway,Sách truyện thiếu nhi,3-6 tuổi,Red Fox Picture Books,"Mummy Deer, Daddy Deer and Baby Deer are playing 'I spy'. There are lots of wonderful things to spot ...a cloud as soft as a whisper, a sleepy sunset, a bright shimmering star. But there is something more wonderful than all these things. Can Baby Deer guess what it is? The perfect bedtime book for all little ones who are loved by their mummy and daddy. The charming heart-shaped die-cut and gatefold wonderfully reiterate the sweet sentiments of this book. With wonderfully cute illustrations by new artist Paula Bowles.",3-6 tuổi
4223,I want my hat back,https://lotuscommunity.org.vn/wp-content/uploads/2021/05/I-want-my-hat-back.jpg,5-2,011,Jon Klassen,Sách truyện thiếu nhi,3-6 tuổi,Candlewick Press,A picture-book delight by a rising talent tells a cumulative tale with a mischievous twist.,3-6 tuổi
4271,If I were an ant,https://lotuscommunity.org.vn/wp-content/uploads/2021/05/If-I-were-an-ant.jpg,6-2,052,Amy Moses,Sách truyện thiếu nhi,3-6 tuổi,Children's Press,"A child imagines how much larger things such as crumbs, puddles, trees, and even babies would seem to an ant.

This series meets the following Reading First initiatives: - Phonics- Vocabulary- Comprehension- Fluency",3-6 tuổi
4272,If I were an ant,https://lotuscommunity.org.vn/wp-content/uploads/2021/05/If-I-were-an-ant.jpg,6-2,053,Amy Moses,Sách truyện thiếu nhi,3-6 tuổi,Children's Press,"A child imagines how much larger things such as crumbs, puddles, trees, and even babies would seem to an ant.

This series meets the following Reading First initiatives: - Phonics- Vocabulary- Comprehension- Fluency",3-6 tuổi
4280,If you give a pig a party,https://lotuscommunity.org.vn/wp-content/uploads/2021/05/If-you-give-a-pig-a-party.jpg,4-3,022,Laura Numeroff,Sách truyện thiếu nhi,3-6 tuổi,HarperCollins,"If you give a pig a party, she's going to ask for some balloons. When you give her the balloons, she'll want to decorate the house. When she's finished, she'll put on her favorite dress...",3-6 tuổi
4489,It's my birthday,https://lotuscommunity.org.vn/wp-content/uploads/2021/05/it_s-my-birthday.jpg,5-2,023,Helen Oxenbury,Sách truyện thiếu nhi,3-6 tuổi,Candlewick Press,"It's one lucky toddler's birthday, and of course there must be a cake. So the child asks some animal friends to gather ingredients, one by one: the chicken an egg, the bear some flour, the cat the butter and milk, the pig a pinch of salt, the dog some sugar, and the monkey a bunch of cherries for the top. After they all share the fun of making the cake, it's even more fun to eat it! Helen Oxenbury's winsome illustrations and simple, repetitive text make this an ideal gift for the youngest of children.",3-6 tuổi
4490,It's my birthday,https://lotuscommunity.org.vn/wp-content/uploads/2021/05/it_s-my-birthday.jpg,5-2,024,Helen Oxenbury,Sách truyện thiếu nhi,3-6 tuổi,Candlewick Press,"It's one lucky toddler's birthday, and of course there must be a cake. So the child asks some animal friends to gather ingredients, one by one: the chicken an egg, the bear some flour, the cat the butter and milk, the pig a pinch of salt, the dog some sugar, and the monkey a bunch of cherries for the top. After they all share the fun of making the cake, it's even more fun to eat it! Helen Oxenbury's winsome illustrations and simple, repetitive text make this an ideal gift for the youngest of children.",3-6 tuổi
4519,Itsy bitsy baby mouse,https://lotuscommunity.org.vn/wp-content/uploads/2021/05/Itsy-bitsy-baby-mouse.jpg,4-3,023,Michelle Meadows,Sách truyện thiếu nhi,3-6 tuổi,Simon Schuster Books for Young Readers,"A lost little mouse must navigate a huge house to find his way home in this sweet picture book from Michelle Meadows and Matthew Cordell.

Itsy-bitsy baby mouse
Tap and tumble ’round the house
Chase a busy buzzy fly
Creap and leap and reach up high...

Baby Mouse’s curiosity lets him discover all sorts of things—but it has also led him away from his parents. Lost in a large house, this itsy-bitsy baby mouse seeks to find something familiar that could lead him home. How will he find his way? Michelle Meadows and Matthew Cordell pair up to make a path for Itsy-Bitsy Baby Mouse—and young readers—to joyfully follow.",3-6 tuổi
4521,Itsy Mitsy runs away,https://lotuscommunity.org.vn/wp-content/uploads/2021/05/Itsy-Mitsy-runs-away.jpg,4-2,001,Elanna Allen,Sách truyện thiếu nhi,3-6 tuổi,Atheneum Books for Young Readers,"NO ONE likes bedtime, and Itsy Mitsy has had quite enough. So tonight's the night she's running away to the perfect place where there are no more bedtimes ever (not even one). But running away isn't as easy as it seems. There's a lot to pack: Mitsy's friendliest dinosaur Mister Roar; a snack for Mister Roar; her dog, Pupcake, to keep the bedtime beasties away from said snack; the list goes on and on. But with a helpful Dad who makes sure Mitsy doesn't leave anything behind--especially not him--Mitsy might want to run away tomorrow night, too.",3-6 tuổi
4522,Itsy Mitsy runs away,https://lotuscommunity.org.vn/wp-content/uploads/2021/05/Itsy-Mitsy-runs-away.jpg,4-2,002,Elanna Allen,Sách truyện thiếu nhi,3-6 tuổi,Atheneum Books for Young Readers,"NO ONE likes bedtime, and Itsy Mitsy has had quite enough. So tonight's the night she's running away to the perfect place where there are no more bedtimes ever (not even one). But running away isn't as easy as it seems. There's a lot to pack: Mitsy's friendliest dinosaur Mister Roar; a snack for Mister Roar; her dog, Pupcake, to keep the bedtime beasties away from said snack; the list goes on and on. But with a helpful Dad who makes sure Mitsy doesn't leave anything behind--especially not him--Mitsy might want to run away tomorrow night, too.",3-6 tuổi
4523,Itsy Mitsy runs away,https://lotuscommunity.org.vn/wp-content/uploads/2021/05/Itsy-Mitsy-runs-away.jpg,5-2,003,Elanna Allen,Sách truyện thiếu nhi,3-6 tuổi,Atheneum Books for Young Readers,"NO ONE likes bedtime, and Itsy Mitsy has had quite enough. So tonight's the night she's running away to the perfect place where there are no more bedtimes ever (not even one). But running away isn't as easy as it seems. There's a lot to pack: Mitsy's friendliest dinosaur Mister Roar; a snack for Mister Roar; her dog, Pupcake, to keep the bedtime beasties away from said snack; the list goes on and on. But with a helpful Dad who makes sure Mitsy doesn't leave anything behind--especially not him--Mitsy might want to run away tomorrow night, too.",3-6 tuổi
4565,Jane and Mizmow,https://lotuscommunity.org.vn/wp-content/uploads/2021/05/Jane-and-Mizmow.jpeg,4-3,046,Matthew Armstrong,Sách truyện thiếu nhi,3-6 tuổi,HarperCollins,"Jane loves toread books.

Mizmow loves to eat them.

Mizmow loves to climb trees.

Jane would rather keep her feet on the ground.

It’s not always easy being friends with a monster. But Jane’s best friend is Mizmow, and Mizmow’s best friend is Jane.",3-6 tuổi
4566,Jane and Mizmow,https://lotuscommunity.org.vn/wp-content/uploads/2021/05/Jane-and-Mizmow.jpeg,5-1,046,Matthew Armstrong,Sách truyện thiếu nhi,3-6 tuổi,HarperCollins,"Jane loves toread books.

Mizmow loves to eat them.

Mizmow loves to climb trees.

Jane would rather keep her feet on the ground.

It’s not always easy being friends with a monster. But Jane’s best friend is Mizmow, and Mizmow’s best friend is Jane.",3-6 tuổi
4567,Jane and Mizmow,https://lotuscommunity.org.vn/wp-content/uploads/2021/05/Jane-and-Mizmow.jpeg,6-4,052,Matthew Armstrong,Sách truyện thiếu nhi,3-6 tuổi,HarperCollins,"Jane loves toread books.

Mizmow loves to eat them.

Mizmow loves to climb trees.

Jane would rather keep her feet on the ground.

It’s not always easy being friends with a monster. But Jane’s best friend is Mizmow, and Mizmow’s best friend is Jane.",3-6 tuổi
4622,Jonathan and Martha,https://lotuscommunity.org.vn/wp-content/uploads/2021/05/Jonathan-and-Martha.png,6-1,010,Petr Horacek,Sách truyện thiếu nhi,3-6 tuổi,Phaidon Press,"Jonathan and Martha are two lonely worms that live on opposite sides of a tree. One day, a big juicy pear lands on the ground between them. Jonathan nibbles from the left, and Martha nibbles from the right - and soon they are caught in a tangle!",3-6 tuổi
4623,Jonathan and Martha,https://lotuscommunity.org.vn/wp-content/uploads/2021/05/Jonathan-and-Martha.png,6-1,011,Petr Horacek,Sách truyện thiếu nhi,3-6 tuổi,Phaidon Press,"Jonathan and Martha are two lonely worms that live on opposite sides of a tree. One day, a big juicy pear lands on the ground between them. Jonathan nibbles from the left, and Martha nibbles from the right - and soon they are caught in a tangle!",3-6 tuổi
4950,Let's get the tent out,https://lotuscommunity.org.vn/wp-content/uploads/2021/05/Let_s-get-the-tent-out.jpg,5-3,061,Barbara Mitchelhill,Sách truyện thiếu nhi,3-6 tuổi,Heinemann Educational Books,The New Reading 360 series is designed to provide a solid literary foundation for infants and build on previous literacy knowledge for juniors.,3-6 tuổi
5011,Little Bea,https://lotuscommunity.org.vn/wp-content/uploads/2021/05/Little-Bea.jpg,4-4,022,Daniel Roode,Sách truyện thiếu nhi,3-6 tuổi,Greenwillow Books,"Bzzzzzzzzzzzzz.
Little Bea
is a busy, busy bee.
When the sun wakes up,
so does she.

Friends! She needs to visit them.

Treats! She needs to share them.

Chores!
She needs to do them.

Games!
She needs to play them.

The whole wide world!
She needs to explore it
before the sun goes to sleep.

Bzzzzzzzzzzzzz.
Won't you come buzz along with Little Bea?",3-6 tuổi
5015,Little book day parade,https://lotuscommunity.org.vn/wp-content/uploads/2021/05/Little-book-day-parade.jpg,6-3,050,Emily Gravett,Sách truyện thiếu nhi,3-6 tuổi,Macmillan Children's Books,"All the characters from your favourite Emily Gravett books are dressing up for World Book Day. They're going as characters from their favourite books. Can you help them get ready? Matilda is going as the Cheshire Cat, and her cat wants to be the Mad Hatter -- but he needs you to design him a hat! And can you draw a long Rapunzel wig for one of the three little pigs? Join in the drawing and colouring activities with a host of favourite book characters and bring some creative fun to your World Book Day!",3-6 tuổi
5016,Little book day parade,https://lotuscommunity.org.vn/wp-content/uploads/2021/05/Little-book-day-parade.jpg,6-3,051,Emily Gravett,Sách truyện thiếu nhi,3-6 tuổi,Macmillan Children's Books,"All the characters from your favourite Emily Gravett books are dressing up for World Book Day. They're going as characters from their favourite books. Can you help them get ready? Matilda is going as the Cheshire Cat, and her cat wants to be the Mad Hatter -- but he needs you to design him a hat! And can you draw a long Rapunzel wig for one of the three little pigs? Join in the drawing and colouring activities with a host of favourite book characters and bring some creative fun to your World Book Day!",3-6 tuổi
5017,Little book day parade,https://lotuscommunity.org.vn/wp-content/uploads/2021/05/Little-book-day-parade.jpg,6-3,052,Emily Gravett,Sách truyện thiếu nhi,3-6 tuổi,Macmillan Children's Books,"All the characters from your favourite Emily Gravett books are dressing up for World Book Day. They're going as characters from their favourite books. Can you help them get ready? Matilda is going as the Cheshire Cat, and her cat wants to be the Mad Hatter -- but he needs you to design him a hat! And can you draw a long Rapunzel wig for one of the three little pigs? Join in the drawing and colouring activities with a host of favourite book characters and bring some creative fun to your World Book Day!",3-6 tuổi
5031,Little dolphin finger puppet book,https://lotuscommunity.org.vn/wp-content/uploads/2021/05/Little-dolphin-finger-puppet-book.jpg,4-5,022,Klaartje van der Put,Sách truyện thiếu nhi,3-6 tuổi,Chronicle books,"Watch Little Dolphin swim with friends in these simple, comforting stories. Each book features a permanently attached plush finger puppet and peek-a-boo holes in every page, giving parents and children a fun, interactive way to play and read together.",3-6 tuổi
5117,Little Pig joins the band,https://lotuscommunity.org.vn/wp-content/uploads/2021/05/Little-Pig-joins-the-band.jpg,4-4,023,David Hyde Costello,Sách truyện thiếu nhi,3-6 tuổi,Charlesbridge,"Little Pig has trouble keeping up with his four older—and bigger—brothers and sisters. When a visit to Grandpa's house turns into a rummage through Grandpa's old marching-band instruments, Little Pig is too small to play any of them. But when the disorganized band has a pig-pile mishap, Little Pig has a BIG idea: They could use a leader.",3-6 tuổi
5125,Little red hen,https://lotuscommunity.org.vn/wp-content/uploads/2021/05/little-red-hen.jpg,6-4,054,Geraldine Taylor,Sách truyện thiếu nhi,3-6 tuổi,Ladybird Books,"Based on the classic fairy tale. Little Red Hen wants help planting and cutting the wheat, grinding the flour and making the bread, but the cat, the rat and the dog refuse to join in - until the bread needs eating!

Read it yourself with Ladybird is one of Ladybird's best-selling series. For over thirty-five years it has helped young children who are learning to read develop and improve their reading skills.",3-6 tuổi
5170,Living with mum and living with dad,https://lotuscommunity.org.vn/wp-content/uploads/2021/05/Living-with-mum-and-living-with-dad.jpg,4-3,011,Melanie Walsh,Sách truyện thiếu nhi,3-6 tuổi,"Candlewick Press,U.S.","For young children who live in two homes, this bright, simple story with oversized flaps reassures young readers that there is love in each one. Her parents don't live together anymore, so sometimes the child in this book lives with her mom and cat, and sometimes with Dad. Her bedroom looks a little different in each house, and she keeps some toys in one place and some in another. But her favorite toys she takes with her wherever she goes. In an inviting lift-the-flap format saturated with colorful illustrations, Melanie Walsh visits the changes in routine that are familiar to many children whose parents live apart, but whose love and involvement remain as constant as ever.",3-6 tuổi
5177,Llama Llama home with Mama,https://lotuscommunity.org.vn/wp-content/uploads/2021/05/Llama-Llama-home-with-Mama.jpg,4-3,012,Anna Dewdney,Sách truyện thiếu nhi,3-6 tuổi,Viking Books for Young Readers,"Ah-choo! Uh-oh, Llama Llama's nose is feeling tickly, his throat is feeling scratchy, and his head is feeling stuffy. Back to bed, no school today for Llama Llama! Instead, he's home with Mama. By lunchtime, though, he's beginning to feel a tiny bit better. But now someone else has the sneezes . . . Mama! And who will help her feel better? Why, Llama Llama, of course! Anna Dewdney's fun-to-read rhymes are sure to help children and their parents get through those under-the-weather days.",3-6 tuổi
5223,Look who's hiding,https://lotuscommunity.org.vn/wp-content/uploads/2021/05/look-who_s-hiding.jpg,4-5,019,Sharon Rentta,Sách truyện thiếu nhi,3-6 tuổi,Alison Green Books,"With lots of humour along the way and a fabulous cast of animal characters, this is a delightful way to introduce children to animal sounds. ",3-6 tuổi
5251,Lost and found,https://lotuscommunity.org.vn/wp-content/uploads/2021/05/lost-and-found.jpg,5-1,033,Adrienne Mason,Sách truyện thiếu nhi,3-6 tuổi,Kids Can Press,"Lu and Clancy search for their young charge, Sophie, when she goes missing while they are on a hike.",3-6 tuổi
5393,Maisy goes to nursery,https://lotuscommunity.org.vn/wp-content/uploads/2021/05/Maisy-goes-to-nursery.jpg,6-1,055,Lucy Cousins,Sách truyện thiếu nhi,3-6 tuổi,Walker Books Ltd,"Maisy joins her friends for a busy day at nursery in the seventh title of the popular First Experience series.

Maisy has lots of fun at nursery in this delightful pre-school story by the multi-award-winning Lucy Cousins. She and her friends sing at Music Time, nap at Quiet Time, listen at Book Time and then go into the garden for Play Time. What a day! ",3-6 tuổi
5468,Marco's run,https://lotuscommunity.org.vn/wp-content/uploads/2021/05/Marco_s-run.jpg,4-3,038,Wesley Cartier,Sách truyện thiếu nhi,3-6 tuổi,Harcourt Brace International,Marco is a fast runner. Is he as fast as a rabbit? A bobcat? A horse? Who is the fastest runner of all? This quick-moving story runs wild in the hands of award-winning illustrator Reynold Ruffins.,3-6 tuổi
5547,Max and Millie start school,https://lotuscommunity.org.vn/wp-content/uploads/2021/05/Max-and-Millie-start-school.jpg,4-2,058,Felicity Brooks,Sách truyện thiếu nhi,3-6 tuổi,Usborne Books,"This title deals with all the excitement and anxiety young children can feel when starting school. Millie thinks she knows exactly what's what, but Max isn't so sure. How do they get on on their first day?",3-6 tuổi
5548,Max and Millie start school,https://lotuscommunity.org.vn/wp-content/uploads/2021/05/Max-and-Millie-start-school.jpg,4-3,052,Felicity Brooks,Sách truyện thiếu nhi,3-6 tuổi,Usborne Books,"This title deals with all the excitement and anxiety young children can feel when starting school. Millie thinks she knows exactly what's what, but Max isn't so sure. How do they get on on their first day?",3-6 tuổi
5550,Max and Ruby: beach day,https://lotuscommunity.org.vn/wp-content/uploads/2021/05/Max-and-Ruby-beach-day.jpg,5-4,044,Rosemary Wells,Sách truyện thiếu nhi,3-6 tuổi,Penguin Young Readers,"When Ruby and Max spend a day at the beach, Ruby wants to make a sand castle while Max wants to play in the water, and they must find a way to play together.",3-6 tuổi
5580,Me and you,https://lotuscommunity.org.vn/wp-content/uploads/2021/05/Me-and-you.jpg,6-1,004,Anthony Browne,Sách truyện thiếu nhi,3-6 tuổi,"Farrar, Straus and Giroux","A small bear goes for a stroll in the park with his parents, leaving their bowls of porridge cooling on the kitchen table. Meanwhile, a girl with golden hair is hopelessly lost in a big, frightening city when she comes across a house with the door left invitingly open. Inside are three bowls of porridge in the kitchen, three chairs in the living room, and three comfortable-looking beds upstairs, and no one seems to be home . . .",3-6 tuổi
5581,Me want pet,https://lotuscommunity.org.vn/wp-content/uploads/2021/05/me-want-pet.jpg,4-3,024,Tammi Sauer,Sách truyện thiếu nhi,3-6 tuổi,Simon & Schuster,"Cave Boy has lots of things. Rocks. Sticks. A club. But no pet! Cave Boy decides he must have a pet, but his parents object. He brings home animal after animal in hopes of overcoming his parents’ steadfast resistance, but his attempts are unsuccessful—until he finds a Dodo bird that is literally on the verge of extinction. And in a twist ending on a classic concept, Cave Boy and his family discover it’s worthwhile to have animal friends around.

With snappy text that is short, fun, and young, Me Want Pet! makes for an ideal read-aloud for the milk-and-cookies set. ",3-6 tuổi
5582,Me want pet,https://lotuscommunity.org.vn/wp-content/uploads/2021/05/me-want-pet.jpg,4-3,025,Tammi Sauer,Sách truyện thiếu nhi,3-6 tuổi,Simon & Schuster,"Cave Boy has lots of things. Rocks. Sticks. A club. But no pet! Cave Boy decides he must have a pet, but his parents object. He brings home animal after animal in hopes of overcoming his parents’ steadfast resistance, but his attempts are unsuccessful—until he finds a Dodo bird that is literally on the verge of extinction. And in a twist ending on a classic concept, Cave Boy and his family discover it’s worthwhile to have animal friends around.

With snappy text that is short, fun, and young, Me Want Pet! makes for an ideal read-aloud for the milk-and-cookies set. ",3-6 tuổi
5583,Me want pet,https://lotuscommunity.org.vn/wp-content/uploads/2021/05/me-want-pet.jpg,5-2,031,Tammi Sauer,Sách truyện thiếu nhi,3-6 tuổi,Simon & Schuster,"Cave Boy has lots of things. Rocks. Sticks. A club. But no pet! Cave Boy decides he must have a pet, but his parents object. He brings home animal after animal in hopes of overcoming his parents’ steadfast resistance, but his attempts are unsuccessful—until he finds a Dodo bird that is literally on the verge of extinction. And in a twist ending on a classic concept, Cave Boy and his family discover it’s worthwhile to have animal friends around.

With snappy text that is short, fun, and young, Me Want Pet! makes for an ideal read-aloud for the milk-and-cookies set. ",3-6 tuổi
5627,Megan has to move,https://lotuscommunity.org.vn/wp-content/uploads/2021/05/Megan-has-to-move.jpg,4-3,042,Jacqueline Wolfe,Sách truyện thiếu nhi,3-6 tuổi,Picture Window Books,"Megan's dad got a new job. Now Megan has to move to a new town. Will Megan like her new house, new school, and new neighbors?",3-6 tuổi
5628,Megan has to move,https://lotuscommunity.org.vn/wp-content/uploads/2021/05/Megan-has-to-move.jpg,6-2,046,Jacqueline Wolfe,Sách truyện thiếu nhi,3-6 tuổi,Picture Window Books,"Megan's dad got a new job. Now Megan has to move to a new town. Will Megan like her new house, new school, and new neighbors?",3-6 tuổi
5629,Megan has to move,https://lotuscommunity.org.vn/wp-content/uploads/2021/05/Megan-has-to-move.jpg,6-3,001,Jacqueline Wolfe,Sách truyện thiếu nhi,3-6 tuổi,Picture Window Books,"Megan's dad got a new job. Now Megan has to move to a new town. Will Megan like her new house, new school, and new neighbors?",3-6 tuổi
5719,Mine,https://lotuscommunity.org.vn/wp-content/uploads/2021/05/Mine.jpg,5-4,022,Rachel Bright,Sách truyện thiếu nhi,3-6 tuổi,Penguin Random House Children's UK,"""That's my bunny!"" ""NO, that's my bunny!"" Oh dear. How difficult it is to share when there's only ONE beloved Funny Bunny. Luckily for twins, Fifi and Frankie, Granny is on hand to show them a way to play together nicely that keeps everyone, including Funny Bunny, happy.",3-6 tuổi
6065,My adventure island,https://lotuscommunity.org.vn/wp-content/uploads/2021/05/My-adventure-island.jpg,6-4,009,Timothy Knapman,Sách truyện thiếu nhi,3-6 tuổi,Scholastic,"Here on my island, I do as I please. I splash in the puddles and climb all the trees. I swing through the branches, I fly through the sky, and end up face down in a MASSIVE mud pie! Your adventure island is a magical place where anything can happen...With a bit of imagination.",3-6 tuổi
6113,My day,https://lotuscommunity.org.vn/wp-content/uploads/2021/05/My-day.jpg,5-4,053,Lynette Thomas,Sách truyện thiếu nhi,3-6 tuổi,"Bookaburra Books, Singapore","What can you see from your balcony, through your window and outside your gate?

Can you see … a school bus? the road sweeper? the karang guni man? What else happens in your day at home?

A book to stimulate conversation and language development in the preschool child.

",3-6 tuổi
6150,My friend rabbit,https://lotuscommunity.org.vn/wp-content/uploads/2021/05/my-friend-rabbit.jpg,4-5,013,Eric Rohmann,Sách truyện thiếu nhi,3-6 tuổi,Square Fish,"When Mouse lets his best friend, Rabbit, play with his brand-new airplane, trouble isn't far behind. From Caldecott Honor award winner Eric Rohmann comes a brand-new picture book about friends and toys and trouble, illustrated in robust, expressive prints.",3-6 tuổi
6172,My math toolbox,https://lotuscommunity.org.vn/wp-content/uploads/2021/05/my-math-toolbox.jpg,6-1,037,Nancy Allen,Sách truyện thiếu nhi,3-6 tuổi,Rourke Educational Media,"My math toolbox selects and uses appropriate tools for given measurement situations (E.G., Rulers for length, measuring cups for capacity)",3-6 tuổi
6229,My teacher for president,https://lotuscommunity.org.vn/wp-content/uploads/2021/05/my-teacher-for-president.jpg,4-5,011,Kay Winters,Sách truyện thiếu nhi,3-6 tuổi,Penguin Putnam Inc,"Just in time for election season, a nomination teachers and students alike will endorse.

Oliver has been learning about the president's job, and his teacher would be the perfect candidate. She loves white houses, she's used to being followed everywhere, she attends lots of meetings, she finds jobs for people, and she believes in peace. Images of Oliver's teacher depicted during a typical school day are contrasted with scenes of his heroine carrying out presidential duties.",3-6 tuổi
6509,Olive and the big secret,https://lotuscommunity.org.vn/wp-content/uploads/2021/05/olive-and-the-big-secret.jpg,6-1,034,Tor Freeman,Sách truyện thiếu nhi,Age 7 - 9 ,Templar,"Olive learns the hard way that keeping secrets is tough, and telling them can make for a whole lot of trouble!

When Molly shares a secret with Olive, the urge to tell is just too great! Olive tells Joe who tells Matt who tells Lola. But Lola is best friends with Molly. Uh-oh, the secret is out, and Olive is in for it!",3-6 tuổi
6538,Olivia saves the circus,https://lotuscommunity.org.vn/wp-content/uploads/2021/05/olivia-saves-the-circus.jpg,4-5,002,Ian Falconer,Sách truyện thiếu nhi,3-6 tuổi,Atheneum Books for Young Readers,"Step into the ring with Olivia, where the lights are dim, the color soft, and a little girl's imagination is the main attraction.

Olivia remembers her trip to the circus very well. The performers were out sick, so she had to do everything. She rode on a unicycle, jumped on a trampoline, juggled five balls, tamed lions and even flew through the air. ",3-6 tuổi
6566,On the farm,https://lotuscommunity.org.vn/wp-content/uploads/2021/05/On-the-farm.jpg,4-5,007,Matt Mitter,Sách truyện thiếu nhi,3-6 tuổi,Studio Fun International,"Join the Fisher-Price Little People as they visit the farm and learn about shapes, colors, animals and more in this interactive board book with more than 50 flaps to lift!",3-6 tuổi
6570,On the night you were born,https://lotuscommunity.org.vn/wp-content/uploads/2021/05/on-the-night-you-were-born.jpg,5-2,059,Nancy Tillman,Sách truyện thiếu nhi,3-6 tuổi,St Martin's Press,"A beautiful and poignant celebration of the birth--and worth--of every child. Now in board book format! On the night you were born, you brought wonder and magic to the world. The moon stayed up till morning. Polar bears danced. Here is a book that celebrates the one and only ever you! Now available in its entirety in board book format, Nancy Tillman's New York Times-bestselling masterpiece is perfect for acknowledging the special people in our lives that they are loved.",3-6 tuổi
6597,One nighttime sea,https://lotuscommunity.org.vn/wp-content/uploads/2021/05/One-nighttime-sea.jpg,5-4,004,Deborah Lee Rose,Sách truyện thiếu nhi,3-6 tuổi,Scholastic Press,"From 1 to 10 and back again, dragonfish, morays, and other nighttime sea creatures fill this stunning counting book, featuring lush cut-paper art and an infectious, informative rhyming text. All night long, while you are asleep, millions of sea creatures move through the deep...",3-6 tuổi
6610,"One, two, flea",https://lotuscommunity.org.vn/wp-content/uploads/2021/05/One-two-flea.jpg,5-4,015,Allan Ahlberg,Sách truyện thiếu nhi,3-6 tuổi,Candlewick Press,"READ AND SHARE is a unique first library for parents and children that helps build early readers’ confidence. Grouped in four progressive levels, Read and Share books - available individually for the first time - are specially selected for qualities that encourage literacy skills and a love of reading.",3-6 tuổi
6651,Otter and Owl and the big ah-choo,https://lotuscommunity.org.vn/wp-content/uploads/2021/05/Otter-and-Owl-and-the-big-ah-choo.jpg,5-2,037,Crystal Bowman,Sách truyện thiếu nhi,3-6 tuổi,Zonderkidz,"Kids learn about the importance of friendship in this level two book. In Otter and Owl and the Big Ah-choo! it appears that Otter is allergic—to Owl! Owl believes that they can no longer be friends, but Otter discovers the real cause of his sneezing.",3-6 tuổi
6726,Parsnip,https://lotuscommunity.org.vn/wp-content/uploads/2021/05/parsnip.jpg,5-4,054,Sue Porter,Sách truyện thiếu nhi,3-6 tuổi,Mathew Price,"Simple lift-the-flaps on every page add an extra dimension to this charming, warmhearted adventure story.",3-6 tuổi
6792,Peppa Pig: going boating,https://lotuscommunity.org.vn/wp-content/uploads/2021/05/Peppa-Pig-going-boating.jpg,4-5,010,Geraldine Taylor,Sách truyện thiếu nhi,3-6 tuổi,Ladybird,"Peppa is going boating with her family. Find out who else goes with them, and who is the best at boating! Read it yourself with Ladybird is one of Ladybird's best-selling reading series. For over thirty-five years it has helped young children who are learning to read develop and improve their reading skills.",3-6 tuổi
6794,Percy the postman,https://lotuscommunity.org.vn/wp-content/uploads/2021/05/Percy-the-postman.jpg,6-3,048,Sue Graves,Sách truyện thiếu nhi,3-6 tuổi,Hachette Children's Group,"A fun, rhyming story about a postman who never gets any post of his own. Can the children make his wish come true?",3-6 tuổi
6836,Pie in the sky,https://lotuscommunity.org.vn/wp-content/uploads/2021/05/pie-in-the-sky.jpg,6-2,051,Christine Moorcroft,Sách truyện thiếu nhi,3-6 tuổi,Evans Publishing Group,"""One fine day, Simon the Pieman and his wife, Myra, went for a ride on their bikes. Simon had his eyes on the sky. He spied something shiny way up high."" What is this mysterious object? Simon sets off to find out!",3-6 tuổi
6840,Pig gets stuck,https://lotuscommunity.org.vn/wp-content/uploads/2021/05/pig-gets-stuck.jpg,5-4,007,Heather Amery,Sách truyện thiếu nhi,3-6 tuổi,Usborne Publishing Ltd,"Farmyard Tales are delightful stories of the people and animals on Apple Tree Farm. Each story has a simple text to encourage young children to read themselves, and a longer text that children enjoy listening to - and a duck to find on each page. Ages 3+.",3-6 tuổi
6856,Pigs to the rescue,https://lotuscommunity.org.vn/wp-content/uploads/2021/05/Pigs-to-the-rescue.jpg,6-4,051,John Himmelman,Sách truyện thiếu nhi,3-6 tuổi,Henry Holt & Company,"Farmer Greenstalk and his family have the darnedest luck. Broken-down tractors, kites stuck in trees--they're always having problems! It's a good thing they have such helpful farm animals on hand.",3-6 tuổi
6894,"Planes, cars, trucks, and trains",https://lotuscommunity.org.vn/wp-content/uploads/2021/05/Planes-cars-trucks-and-trains.jpg,4-5,009,Matt Mitter,Sách truyện thiếu nhi,3-6 tuổi,Studio Fun Intl (US),"A whimsical tribute to different forms of transportation features Little People characters on interactive spreads that use engaging lift-flaps to promote early learning concepts, including counting, matching and color recognition.",3-6 tuổi
6978,Poppy's pancake day,https://lotuscommunity.org.vn/wp-content/uploads/2021/05/Poppy_s-pancake-day.jpg,5-3,053,Sue Graves,Sách truyện thiếu nhi,3-6 tuổi,Sea Publications,"Dad and Poppy try to make a pancake for Mom, who is sick in bed.",3-6 tuổi
6998,Power cut,https://lotuscommunity.org.vn/wp-content/uploads/2021/05/Power-cut.png,6-1,035,Sowmya Rajendran,Sách truyện thiếu nhi,3-6 tuổi,Tulika Publishers,"Inspired by the memories of her childhood spent in Perambur, the author takes you through an enjoyable experience in the dark.  It all starts with a Power cut!  Mother lights a candle and then there is no stopping to the shadow play. 

A highly imaginative book, its easy style is supported by childlike but lucid illustrations, enhanced by paper cut-outs. Emphasizing the theme, the pictures are predominantly black and white and but the dashes of colour make the book aesthetically appealing and would certainly grab the child’s attention. 

The use of words like MIAAAOOW, HISSSSSS and GRRRRRRRRR alongwith the shadow play make the story highly interactive.  Parents would love reading this book to their children, as it offers a lot of scope to do things together.  

It would be a good idea to turn off the lights and read this book to your child by candle light, to make it even more dramatic!",3-6 tuổi
6999,Power cut,https://lotuscommunity.org.vn/wp-content/uploads/2021/05/Power-cut.png,6-1,036,Sowmya Rajendran,Sách truyện thiếu nhi,3-6 tuổi,Tulika Publishers,"Inspired by the memories of her childhood spent in Perambur, the author takes you through an enjoyable experience in the dark.  It all starts with a Power cut!  Mother lights a candle and then there is no stopping to the shadow play. 

A highly imaginative book, its easy style is supported by childlike but lucid illustrations, enhanced by paper cut-outs. Emphasizing the theme, the pictures are predominantly black and white and but the dashes of colour make the book aesthetically appealing and would certainly grab the child’s attention. 

The use of words like MIAAAOOW, HISSSSSS and GRRRRRRRRR alongwith the shadow play make the story highly interactive.  Parents would love reading this book to their children, as it offers a lot of scope to do things together.  

It would be a good idea to turn off the lights and read this book to your child by candle light, to make it even more dramatic!",3-6 tuổi
7106,Pup and Hound at sea,https://lotuscommunity.org.vn/wp-content/uploads/2021/05/Pup-and-Hound-at-sea.jpg,5-2,030,Susan Hood,Sách truyện thiếu nhi,3-6 tuổi,Kids Can Press,"It's off to sea with Pup and Hound, and there's rough water ahead. Will this crew of two ever get back on dry land? This Level 1 first reader contains short stories, simple sentences, easy vocabulary, simple visual clues and lots of repetition.",3-6 tuổi
7265,Recycled,https://lotuscommunity.org.vn/wp-content/uploads/2021/05/Recycled.jpg,6-4,049,Jillian Powell,Sách truyện thiếu nhi,3-6 tuổi,Picture Window Books,Miss Drew's efforts to teach her class about recycling are very successful. ,3-6 tuổi
7272,Red Riding Hood,https://lotuscommunity.org.vn/wp-content/uploads/2021/05/red-riding-hood.jpg,4-3,057,Fran Hunia,Sách truyện thiếu nhi,3-6 tuổi,Ladybird,"This beautiful Ladybird Tales ebook edition of Little Red Riding Hood is a perfect first illustrated introduction to this classic fairy tale for young readers from 3+. The tale is sensitively retold, retaining all the key parts of the story beginning with Little Red Riding Hood heading to her grandmother's house, only to meet with the big bad wolf!",3-6 tuổi
7348,Robby in the river,https://lotuscommunity.org.vn/wp-content/uploads/2021/05/Robby-in-the-river.jpg,4-2,009,Judy Waite,Sách truyện thiếu nhi,3-6 tuổi,Pearson Education Limited,"Part of the Lighthouse collection, an engaging fiction and non-fiction series of readers carefully levelled to ensure gradual progression for Foundation and Key Stage 1 children.",3-6 tuổi
7411,Rude Ralph,https://lotuscommunity.org.vn/wp-content/uploads/2021/05/Rude-Ralph.jpg,6-3,055,Justine Fontes,Sách truyện thiếu nhi,3-6 tuổi,Children's Pres,"Rude Ralph only learns to be polite after no one will play with him, in a book that also includes suggested learning activities.",3-6 tuổi
7549,"Scat, cat",https://lotuscommunity.org.vn/wp-content/uploads/2021/05/Scat-cat.jpg,6-2,026,Alyssa Satin Capucilli,Sách truyện thiếu nhi,3-6 tuổi,HarperCollins,"No one wants the small striped cat who is lost. “Scat, cat!” says the dog, the bird, the barber, the baker, the bus driver, the duck, the frog, the goose, the owl, the bat, and even the skunk.

So the cat walks and walks until he finds a little house where there is a little boy that does not say, “Scat, cat!” In an ending twist, the cat discovers he is home. Young readers will learn the names of animals and occupations as well as useful vocabulary in this sweet and simple text.

This My First I Can Read Book is perfect for shared reading with toddlers and very young children. Basic language, word repetition, and whimsical illustrations make this book just right for the emergent reader.",3-6 tuổi
7697,Shampoodle,https://lotuscommunity.org.vn/wp-content/uploads/2021/05/Shampoodle.jpg,5-3,033,Joan Holub,Sách truyện thiếu nhi,3-6 tuổi,Random House Books for Young Readers,"It's picture day at the dog park. But before the first photo can be taken, an exuberant pack of pups needs a bit of grooming. So they’re off to Shampoodle, the local pet salon, where the eager dogs simply cannot sit still. And when some curious cats stop by, things go from messy to mayhem. Shampoodle is perfect for animal lovers and children who are just starting to read on their own, taking their cues from lively art and bubbly, rhymed text.",3-6 tuổi
7698,Shampoodle,https://lotuscommunity.org.vn/wp-content/uploads/2021/05/Shampoodle.jpg,6-2,027,Joan Holub,Sách truyện thiếu nhi,3-6 tuổi,Random House Books for Young Readers,"It's picture day at the dog park. But before the first photo can be taken, an exuberant pack of pups needs a bit of grooming. So they’re off to Shampoodle, the local pet salon, where the eager dogs simply cannot sit still. And when some curious cats stop by, things go from messy to mayhem. Shampoodle is perfect for animal lovers and children who are just starting to read on their own, taking their cues from lively art and bubbly, rhymed text.",3-6 tuổi
7722,Sheep take a hike,https://lotuscommunity.org.vn/wp-content/uploads/2021/05/Sheep-take-a-hike.jpg,4-5,015,Nancy Shaw,Sách truyện thiếu nhi,3-6 tuổi,HMH Books for Young Readers,"That fun flock is raring for a rugged hiking adventure. Rapid rhythm, rhyme, and colorful illustrations make this a perfect introduction to poetry.",3-6 tuổi
7862,Skimper scamper,https://lotuscommunity.org.vn/wp-content/uploads/2021/05/Skimper-scamper.jpg,5-2,045,Jeff Newell,Sách truyện thiếu nhi,3-6 tuổi,HMH Books for Young Readers,"Lisa is supposed to be quietly coloring. But what can she do when the mouse, the cat, and the dog she's drawn leap off the page and start making a big mess?",3-6 tuổi
7949,Snoopy and friends,https://lotuscommunity.org.vn/wp-content/uploads/2021/05/Snoopy-and-friends.jpg,5-4,061,Charles M. Schulz,Sách truyện thiếu nhi,3-6 tuổi,Simon Spotlight,"Get to know the whole Peanuts gang in this sweet board book shaped like Snoopy’s doghouse!

The Peanuts gang bursts onto the big screen November 6, 2015 in an all new feature film from Twentieth Century Fox!

Snoopy, the world’s most famous dog, has lots of friends! There’s Woodstock, his feathery sidekick, the trusty Beagle Scouts, his owner, Charlie Brown, and so many more. Join Snoopy inside his doghouse and meet them all!",3-6 tuổi
7950,Snoopy and friends,https://lotuscommunity.org.vn/wp-content/uploads/2021/05/Snoopy-and-friends.jpg,5-4,062,Charles M. Schulz,Sách truyện thiếu nhi,3-6 tuổi,Simon Spotlight,"Get to know the whole Peanuts gang in this sweet board book shaped like Snoopy’s doghouse!

The Peanuts gang bursts onto the big screen November 6, 2015 in an all new feature film from Twentieth Century Fox!

Snoopy, the world’s most famous dog, has lots of friends! There’s Woodstock, his feathery sidekick, the trusty Beagle Scouts, his owner, Charlie Brown, and so many more. Join Snoopy inside his doghouse and meet them all!",3-6 tuổi
7951,Snoopy and friends,https://lotuscommunity.org.vn/wp-content/uploads/2021/05/Snoopy-and-friends.jpg,5-4,063,Charles M. Schulz,Sách truyện thiếu nhi,3-6 tuổi,Simon Spotlight,"Get to know the whole Peanuts gang in this sweet board book shaped like Snoopy’s doghouse!

The Peanuts gang bursts onto the big screen November 6, 2015 in an all new feature film from Twentieth Century Fox!

Snoopy, the world’s most famous dog, has lots of friends! There’s Woodstock, his feathery sidekick, the trusty Beagle Scouts, his owner, Charlie Brown, and so many more. Join Snoopy inside his doghouse and meet them all!",3-6 tuổi
7962,Snow games,https://lotuscommunity.org.vn/wp-content/uploads/2021/05/snow-games.jpg,5-1,035,Anastasia Suen,Sách truyện thiếu nhi,3-6 tuổi,Stone Arch Books,"Robot and Rico use sleds, skiis, tubes, and more to enjoy the new snow.",3-6 tuổi
7981,Soccer song,https://lotuscommunity.org.vn/wp-content/uploads/2021/05/Soccer-song.jpg,5-3,041,Patricia Reilly Giff,Sách truyện thiếu nhi,3-6 tuổi,HOUGHTON MIFFLIN,"Jill has long arms and strong hands. And when it comes to playing soccer, she knows how to use her head!",3-6 tuổi
8080,Splat the cat sings flat,https://lotuscommunity.org.vn/wp-content/uploads/2021/05/Splat-the-cat-sings-flat.jpg,6-2,040,Rob Scotton,Sách truyện thiếu nhi,3-6 tuổi,HarperCollins,"When Splat's teacher announces that the whole class is going to sing for their parents on Parents' Night, Splat is worried: he's afraid to speak in public, much less sing in public!

In fact, he's so nervous he can't even manage a simple ""meow."" What will it take for Splat to overcome his stage fright and make his parents proud?",3-6 tuổi
8081,Splat the cat sings flat,https://lotuscommunity.org.vn/wp-content/uploads/2021/05/Splat-the-cat-sings-flat.jpg,6-4,040,Rob Scotton,Sách truyện thiếu nhi,3-6 tuổi,HarperCollins,"When Splat's teacher announces that the whole class is going to sing for their parents on Parents' Night, Splat is worried: he's afraid to speak in public, much less sing in public!

In fact, he's so nervous he can't even manage a simple ""meow."" What will it take for Splat to overcome his stage fright and make his parents proud?",3-6 tuổi
8607,The ball book,https://lotuscommunity.org.vn/wp-content/uploads/2021/05/The-ball-book.jpg,6-3,006,Margaret Hillert,Sách truyện thiếu nhi,3-6 tuổi,Modern Curriculum Press,People play a variety of games involving balls on the big ball that is Earth.,3-6 tuổi
8647,The Berenstain Bears and mama for mayor,https://lotuscommunity.org.vn/wp-content/uploads/2021/05/The-Berenstain-Bears-and-mama-for-mayor.jpg,5-1,034,Jan Berenstain,Sách truyện thiếu nhi,3-6 tuổi,HARPERCOLLINS,"When Mama Bear runs for mayor on a platform that resolves to fix roads, clean trash and replace broken streetlights, her campaign is compromised by Bear County voters who argue that she cannot fulfill her promises.",3-6 tuổi
8723,The bookstore ghost,https://lotuscommunity.org.vn/wp-content/uploads/2021/05/The-bookstore-ghost.jpg,5-2,036,Barbara Maitland,Sách truyện thiếu nhi,3-6 tuổi,Scholastic,"This easy-to-read ghost story is just the thing for future mystery lovers. Mr. Brown has a bookstore full of spooky ghost books. But even though he has a cat, he also has mice in his store. No customers will come in, and Mr. Brown gives his cat an order: Get rid of the miceor else. Mr. Brown's ingenious and kindhearted cat comes up with a spectacular plan that just might work--with a little help from some ghost-mice. The text in this funny mystery is lively, and the big, full-color pictures by popular illustrator Nadine Bernard Westcott are sweetly amusing and sly. For Halloween or any time, this is a great beginning reader for kids who love ghost stories. Barbara Maitland is the author of The Bear Who Didn't Like Honey. Nadine Bernard Westcott is the creator of over thirty picture books; she also designs a popular line of greeting cards.",3-6 tuổi
8781,The case of the climbing cat,https://lotuscommunity.org.vn/wp-content/uploads/2021/05/The-case-of-the-climbing-cat.jpg,5-2,047,Cynthia Rylant,Sách truyện thiếu nhi,3-6 tuổi,Greenwillow Books,"Deep in the heart of the city. . .

Miss Nancy saw somebody run off with her binoculars. . .Where did the thief go? And will she get her binoculars back?

This sounds like a case for the High-Rise Private Eyes--Case #002, to be exact, The Case of the Climbing Cat

Because no mystery is too mysterious, no puzzle to puzzling, no crime too criminal, no trouble too troubling for ace detectives and very best friends Bunny Brown and Jack Jones.",3-6 tuổi
8789,The case of the puzzling possum,https://lotuscommunity.org.vn/wp-content/uploads/2021/05/The-case-of-the-puzzling-possum.jpg,5-2,046,Cynthia Rylant,Sách truyện thiếu nhi,3-6 tuổi,Greenwillow Books,"The Beat Goes On

One day, the trombone is missing from Mr. Riley's music store. The next day, it's back. Then it's gone again. Who could be taking it -- and why?

This sounds like a case for the High-Rise Private Eyes -- Bunny Brown and Jack Jones, ace detectives and very best friends!",3-6 tuổi
8793,The cat food mystery,https://lotuscommunity.org.vn/wp-content/uploads/2021/05/The-cat-food-mystery.jpg,5-1,036,Gwendolyn Hooks,Sách truyện thiếu nhi,3-6 tuổi,Stone Arch Books,"When Kayla discovers that something is eating Daisy's cat food, she immediately calls the Pet Club to action. They grab their pets and start to gather clues. Will they solve the case of the cat food thief?",3-6 tuổi
8809,The chicken and the egg,https://lotuscommunity.org.vn/wp-content/uploads/2021/05/the-chicken-and-the-egg.jpg,4-5,021,Allan Plenderleith,Sách truyện thiếu nhi,3-6 tuổi,Plendy Publishing Ltd,"A beautiful picture book for children by Allan Plenderleith, the author of The Smelly Sprout, The Boy Giant and Princess Chocolate.",3-6 tuổi
9194,The hare and the tortoise with the sick lion,https://lotuscommunity.org.vn/wp-content/uploads/2021/05/The-hare-and-the-tortoise-with-the-sick-lion.jpg,4-2,028,Val Biro,Sách truyện thiếu nhi,3-6 tuổi,Award Publications Ltd,"Designed to build reading confidence, this series, features large, clear, simple text, reinforced by Val Biro's humorous illustrations. Each book contains two stories. For ages 4 and up. Features large type.",3-6 tuổi
9254,The important things,https://lotuscommunity.org.vn/wp-content/uploads/2021/05/The-important-things.jpg,5-3,019,Peter Carnavas,Sách truyện thiếu nhi,3-6 tuổi, Children's Publishing House,"Christopher’s father has faded from his life, so his mum gives all of the father’s old things to a secondhand store.  When the things start to reappear in the house, Christopher’s mum discovers a secret about her son. An insightful and perceptive story about remembering a father.",3-6 tuổi
9255,The important things,https://lotuscommunity.org.vn/wp-content/uploads/2021/05/The-important-things.jpg,5-3,020,Peter Carnavas,Sách truyện thiếu nhi,3-6 tuổi, Children's Publishing House,"Christopher’s father has faded from his life, so his mum gives all of the father’s old things to a secondhand store.  When the things start to reappear in the house, Christopher’s mum discovers a secret about her son. An insightful and perceptive story about remembering a father.",3-6 tuổi
9256,The important things,https://lotuscommunity.org.vn/wp-content/uploads/2021/05/The-important-things.jpg,6-2,016,Peter Carnavas,Sách truyện thiếu nhi,3-6 tuổi, Children's Publishing House,"Christopher’s father has faded from his life, so his mum gives all of the father’s old things to a secondhand store.  When the things start to reappear in the house, Christopher’s mum discovers a secret about her son. An insightful and perceptive story about remembering a father.",3-6 tuổi
9317,The lazy scarecrow,https://lotuscommunity.org.vn/wp-content/uploads/2021/05/The-lazy-scarecrow.jpg,4-2,046,Jillian Powell,Sách truyện thiếu nhi,3-6 tuổi,Picture Window Books,"After allowing the birds to eat all the seeds in his field, a lazy scarecrow realizes the consequences of his behavior when summer comes and the field is bare.",3-6 tuổi
9318,The leaves fall all around,https://lotuscommunity.org.vn/wp-content/uploads/2021/05/The-leaves-fall-all-around.jpg,6-3,053,Steve Mack,Sách truyện thiếu nhi,3-6 tuổi,Scholastic,"Rookie Preschool books are bursting with alliteration, repetition, and singalong fun that encourages emergent readers to participate in the storytelling. Each book includes suggested activities linked to the story and its theme.",3-6 tuổi
9360,The little little girl with the big big voice,https://lotuscommunity.org.vn/wp-content/uploads/2021/05/The-little-little-girl-with-the-big-big-voice.jpg,4-3,044,Kristen Balouch,Sách truyện thiếu nhi,3-6 tuổi,Little Simon,"In this vibrantly illustrated picture book, one loud little girl looks for a friend to play with. She searches the jungle high and low for a pal but her BIG voice scares all the animals away! One by one, an elephant, a snake and a croc quickly retreat away from her booming vocals, until at last she finds the perfect playmate-whose ""roar"" is even louder than hers!",3-6 tuổi
9371,The little red hen,https://lotuscommunity.org.vn/wp-content/uploads/2021/05/the-little-red-hen.jpg,4-3,058,Vera Southgate,Sách truyện thiếu nhi,3-6 tuổi,Ladybird,"Fairy stories and traditional tales have a special place in the life of every child. Trust Ladybird to bring you all the best-loved titles in our famous small, hard-wearing format. This tale of The Little Red Hen is perfect for reading aloud, or for older, more confident readers to read by themselves. ",3-6 tuổi
9393,The loopy coop hens,https://lotuscommunity.org.vn/wp-content/uploads/2021/05/The-loopy-coop-hens.jpg,6-2,002,Janet Morgan Stoeke,Sách truyện thiếu nhi,3-6 tuổi,Dutton Books for Young Readers,"Midge, Pip, and Dot are the hens of Loopy Coop Farm. They want to fly like Rooster Sam, but they just can't seem to do it, even though they try and try. With its surprise ending, short and punchy text, and Stoeke's hilariously expressive pictures, this is a story kids will want to return to again and again.",3-6 tuổi
9394,The loopy coop hens,https://lotuscommunity.org.vn/wp-content/uploads/2021/05/The-loopy-coop-hens.jpg,6-2,003,Janet Morgan Stoeke,Sách truyện thiếu nhi,3-6 tuổi,Dutton Books for Young Readers,"Midge, Pip, and Dot are the hens of Loopy Coop Farm. They want to fly like Rooster Sam, but they just can't seem to do it, even though they try and try. With its surprise ending, short and punchy text, and Stoeke's hilariously expressive pictures, this is a story kids will want to return to again and again.",3-6 tuổi
9505,The monster returns,https://lotuscommunity.org.vn/wp-content/uploads/2021/05/The-monster-returns.jpg,5-1,017,Peter McCarty,Sách truyện thiếu nhi,3-6 tuổi,Henry Holt and Co,"Jeremy thought he'd seen the last of his monster when he sent him away with a one-way bus ticket. But suddenly there's a knock on the door . . . and the monster has returned!
Jeremy tries to decide what to do. Is it possible that the monster is in need of a friend?
Peter McCarty brings his popular monster back in style, with a sequel that will have kids drawing their own little monsters in no time.",3-6 tuổi
9506,The monster returns,https://lotuscommunity.org.vn/wp-content/uploads/2021/05/The-monster-returns.jpg,6-2,013,Peter McCarty,Sách truyện thiếu nhi,3-6 tuổi,Henry Holt and Co,"Jeremy thought he'd seen the last of his monster when he sent him away with a one-way bus ticket. But suddenly there's a knock on the door . . . and the monster has returned!
Jeremy tries to decide what to do. Is it possible that the monster is in need of a friend?
Peter McCarty brings his popular monster back in style, with a sequel that will have kids drawing their own little monsters in no time.",3-6 tuổi
9571,The newt in the suit,https://lotuscommunity.org.vn/wp-content/uploads/2021/05/The-newt-in-the-suit.jpg,6-2,001,Margaret Chamberlain,Sách truyện thiếu nhi,3-6 tuổi,Hachette Children's Group,"There's one newt in a suit, and he's looking very dapper. He's joined by two snazzy-looking flies in ties, three cockatoos in high-heeled shoes, and so on up to ten. This is a counting book with lots of well-dressed animals going about their business.

What's not to love about bees in dungarees or bats in top hats? Everything's vibrant and colourful. It draws you in, and will have you poring over every page.",3-6 tuổi
9651,The pet wash,https://lotuscommunity.org.vn/wp-content/uploads/2021/05/The-pet-wash.jpg,5-4,034,Gwendolyn Hooks,Sách truyện thiếu nhi,3-6 tuổi,Stone Arch Books,"Jake wants to buy a gift for his teacher, but he doesn't have any money. Jake calls the Pet Club into action, and they have a pet wash to earn some money. Will they raise enough money to buy Mr. Carter a present?",3-6 tuổi
9716,The Rainbow Fish puzzle book,https://lotuscommunity.org.vn/wp-content/uploads/2021/05/The-Rainbow-Fish-puzzle-book.jpg,4-5,014,Marcus Pfister,Sách truyện thiếu nhi,3-6 tuổi,NorthSouth Books,"Children will love putting the Rainbow Fish puzzles together on each spread. When they are finished, they can take the puzzles out and put them all together on the floor to form a big underwater scene with Rainbow Fish and all of his friends.
 
Each full-color puzzle has sturdy board pieces that fit right inside the pages of the book—so they’re fun to put together and easy to keep together! The 36 puzzle pieces are perfect for preschool hands.",3-6 tuổi
10368,"Tickle, tickle, itch, twitch",https://lotuscommunity.org.vn/wp-content/uploads/2021/05/Tickle-tickle-itch-twitch.jpg,4-3,021,Julie Olson,Sách truyện thiếu nhi,Age 7 - 9 ,Two Lions,"When a feather lands in Mouse’s paws, he has an idea for some wily fun! He sneaks up on Gus the groundhog and...TICKLE, TICKLE! ITCH, TWITCH! Gus has GOTTA GOTTA scratch his back. And that’s just the beginning of one itchy problem after another. Follow Gus as he tries hopelessly to scratch his back with a snake, a porcupine, and an alligator. Cheerful illustrations rendered in watercolor and digital media add to this groundhog’s preposterous predicament.",3-6 tuổi
10421,Titchy Witch and the get-better spell,https://lotuscommunity.org.vn/wp-content/uploads/2021/05/Titchy-Witch-and-the-get-better-spell.jpg,18-4,048,Rose Impey,Sách truyện thiếu nhi,3-6 tuổi,Orchard Books,"When Titchy-witch's mum has the witchy-flu, Cat-a-bogus makes a big pot of Get-Better Soup. But Titchy-witch thinks a Get-Better Spell will do more good!",3-6 tuổi
10422,Titchy Witch and the magic party,https://lotuscommunity.org.vn/wp-content/uploads/2021/05/Titchy-Witch-and-the-magic-party.jpg,18-4,050,Rose Impey,Sách truyện thiếu nhi,3-6 tuổi,Orchard Books ,"Titchy-witch is having her first party, but it isn't going very well ...until she starts to wave her magic wand!",3-6 tuổi
10424,Titchy Witch and the teacher-charming spell,https://lotuscommunity.org.vn/wp-content/uploads/2021/05/Titchy-Witch-and-the-teacher-charming-spell.jpg,5-4,051,Rose Impey,Sách truyện thiếu nhi,3-6 tuổi,Orchard Books ,"Titchy-witch is desperate to be a pirate in the class production of Peter Pan, but there's no way her teacher will let her now that she's in trouble again. With the help of a little bit of magic, Titchy-witch manages to charm her teacher - a little too well! Can Titchy-witch find a way to reverse the spell and score her dream role?",3-6 tuổi
10453,Tom's haircut,https://lotuscommunity.org.vn/wp-content/uploads/2021/05/Tom_s-haircut.jpg,4-4,024,Gill Munton,Sách truyện thiếu nhi,3-6 tuổi,Macmillan Education,"Systematic, clearly defined and structured book by book progression of phonics teaching.",3-6 tuổi
10558,Trick or treat,https://lotuscommunity.org.vn/wp-content/uploads/2021/05/Trick-or-treat.jpg,4-4,049,Leo Landry,Sách truyện thiếu nhi,3-6 tuổi,HMH Books for Young Readers,"“The last day of October had finally arrived. The empty house at the end of the street mysteriously came to life.” Oliver, the ghost who lives in that empty house, lives for Halloween! He always has a big party. To get ready, he puts dust on the furniture, welcomes the spiders, wakes up the black cats, and delivers his invitations! This time, though, one envelope goes astray and two human trick-or-treaters show up. Are treats—or tricks—in order? Simple, cartoonish watercolor and pencil illustrations complement this sweet tale of the spirit of generosity and acceptance.",3-6 tuổi
10672,Upsy down town,https://lotuscommunity.org.vn/wp-content/uploads/2021/05/upsy-down-town.jpg,5-2,060,Beth Shoshan,Sách truyện thiếu nhi,3-6 tuổi,Meadowside Children's Books,"In Upsy Down Town, the sky is in the sea and the fish are in the air where the birds should be. Visit an amazing and magical world, where nothing is quite as it should be.",3-6 tuổi
10745,Wake me in spring,https://lotuscommunity.org.vn/wp-content/uploads/2021/05/Wake-me-in-spring.jpg,6-2,034,James Preller,Sách truyện thiếu nhi,3-6 tuổi,Cartwheel,Bear is getting very sleepy. But Mouse thinks Bear should stay awake for winter!,3-6 tuổi
10937,What little boys are made of,https://lotuscommunity.org.vn/wp-content/uploads/2021/05/What-little-boys-are-made-of.jpg,6-1,005,Robert Neubecker,Sách truyện thiếu nhi,3-6 tuổi,Balzer + Bray,"What are little boys made of?

Moons and stars and rockets to Mars

Wings and tails and dragons with scales

Little boys are . . . as adventuresome and bold and heroic as they imagine they can be!

Celebrate the exuberance of little boys in this playful spin on a classic nursery rhyme.",3-6 tuổi
10965,What's bugging Pamela,https://lotuscommunity.org.vn/wp-content/uploads/2021/05/What_s-bugging-Pamela.jpg,6-2,048,Michael Dahl,Sách truyện thiếu nhi,3-6 tuổi,Picture Window Books,Pamela the rhinoceros is always angry until a strange bird lands on her back and refuses to leave.,3-6 tuổi
11055,Where's my mommy?,https://lotuscommunity.org.vn/wp-content/uploads/2021/05/Where_s-my-mommy.jpg,4-2,013,Carol Roth,Sách truyện thiếu nhi,3-6 tuổi,NorthSouth Books,"When sleepy little kitty wakes from her nap, she can't find her mommy.  She asks the barn animals for help.  Her new friends are happy to help.  ""Moo!"" says the calf.  ""Oink!"" sys the pig.  ""Quack!"" says the duck.  After all, that's how they call their mommies.  Poor little kitty's mommy is nowhere to be found...until kitty tries one more thing.",3-6 tuổi
11056,Where's my mommy?,https://lotuscommunity.org.vn/wp-content/uploads/2021/05/Where_s-my-mommy.jpg,4-3,013,Carol Roth,Sách truyện thiếu nhi,3-6 tuổi,NorthSouth Books,"When sleepy little kitty wakes from her nap, she can't find her mommy.  She asks the barn animals for help.  Her new friends are happy to help.  ""Moo!"" says the calf.  ""Oink!"" sys the pig.  ""Quack!"" says the duck.  After all, that's how they call their mommies.  Poor little kitty's mommy is nowhere to be found...until kitty tries one more thing.",3-6 tuổi
11062,Where's Teddy?,https://lotuscommunity.org.vn/wp-content/uploads/2021/05/Where_s-Teddy.jpg,5-2,038,Roger Priddy,Sách truyện thiếu nhi,3-6 tuổi,Priddy Books,"Preschoolers will love to read about the adventures of Gabe, Teddy and Wallace the dog. In Where's Teddy?, Teddy goes missing and Gabe and Wallace try to find him. Where did he go and will the three best friends ever be reunited? With charming illustrations and simple sentences, this book is ideal for developing an interest in books and reading.",3-6 tuổi
11106,Who said coo?,https://lotuscommunity.org.vn/wp-content/uploads/2021/05/Who-said-coo.jpg,6-1,009,Deborah Ruddell,Sách truyện thiếu nhi,3-6 tuổi,Beach Lane Books,"Lulu is one seriously sleepy pig. But every time she snuggles in her cozy bed, she’s disturbed by the noises of two naughty birds outside her window. Whoooooo…Coooooo….Lulu must find a way to get her wide-awake pals to pipe down. But as her frustration grows, will she be able to ask them nicely?Brimming with pitch-perfect rhymes, fun-to-say animal noises, and heaps of humor, this book is a delightful read-aloud that’s perfect for bedtime—or anytime!",3-6 tuổi
11123,Who's who?,https://lotuscommunity.org.vn/wp-content/uploads/2021/05/Who_s-who.jpg,4-2,012,Ken Geist,Sách truyện thiếu nhi,3-6 tuổi,Feiwel & Friends,"Over in these pages
where it's hard to tell who's who,
live six pairs of twins
who are the best at what they do.

""Laugh!"" say the twins.
""We laugh!"" So will you.

And you'll giggle as you read
while you try to tell who's who.",3-6 tuổi
11204,"Windows, rings, and grapes: a look at different shapes",https://lotuscommunity.org.vn/wp-content/uploads/2021/05/Windows-rings-and-grapes-a-look-at-different-shapes.jpg,6-2,024,Brian Cleary,Sách truyện thiếu nhi,3-6 tuổi,Lerner Publishing,"In this humorous look at shapes, Brian P. Cleary and Brian Gable introduce circles, ovals, triangles, squares, and rectangles.",3-6 tuổi
11352,Yojojo's happy happy song,https://lotuscommunity.org.vn/wp-content/uploads/2021/05/Yojojo_s-happy-happy-song.jpg,6-1,046,Egmont,Sách truyện thiếu nhi,3-6 tuổi,Egmont Books,"When Yojojo decides he wants to give something special to his Pipling friends, he doesn't know quite what to do.

He soon discovers he had the answer all along! Press the sweet sounds and join in with this Waybuloo story.",3-6 tuổi
11432,Za-Za's baby brother,https://lotuscommunity.org.vn/wp-content/uploads/2021/05/Za-Za_s-baby-brother.jpg,4-5,006,Lucy Cousins,Sách truyện thiếu nhi,3-6 tuổi,Walker & Company,"A bright and irresistible picture book about the effect of a new arrival on family life, from the creator of Maisy. When Za-za gets a baby brother, all is not well in the zebra household. When Mum returns from hospital, she's tired, and Za-za is looked after by Granny. When the new baby arrives, it gets all the attention from visitors and Mum and Dad. They're so busy that there's no time for toys or stories. Za-za, feeling neglected, demands a cuddle from Mum. Why don't you cuddle the baby? says Mum. And Za-za does, and enjoys it! When the baby goes to bed, Za-za finally gets the attention she wants and is read a bedtime story.",3-6 tuổi
11463,Zorro gets an outfit,https://lotuscommunity.org.vn/wp-content/uploads/2021/05/Zorro-gets-an-outfit.jpg,6-1,024,Carter Goodrich,Sách truyện thiếu nhi,3-6 tuổi,Simon & Schuster Books for Young Readers,"Fashion goes to the dogs in this lovable follow-up to Say Hello to Zorro!

Mister Bud and Zorro get along just great. They wake up together, have walk time together, and take naps together. But something is about to interrupt their schedule: Zorro has to wear a fancy outfit.
     Zorro is embarassed, mortified, aghast. Mr. Bud tries to cheer him up, but nothing works. Everyone makes fun of Zorro, and he refuses to participate in chew-on-a-stick time. Mister Bud doesn’t know what to do.
     But when another dog—a very cool dog—shows up in an outfit and does amazing tricks and beats all the other dogs in a race, Zorro discovers that wearing clothes might not be so bad after all.
     Everything is back on schedule.",3-6 tuổi
6443,Now it is summer,https://lotuscommunity.org.vn/wp-content/uploads/2021/05/Now-it-is-summer.jpg,12-4,003,Eileen Spinelli,Sách truyện thiếu nhi,Age 7 - 9 ,Eerdmans Books for Young Readers,"As a young mouse eagerly looks forward to everything that autumn will bring — friends at school, fallen leaves to play in, pumpkins to carve — his mother gently encourages him to join in all the summery joys that surround him right now — dancing fireflies, sunny beaches, peaches fresh from the orchard. In this delightful tale, a follow-up to her book Now It Is Winter, Eileen Spinelli reminds readers of all ages that they can be content in the moment and find happiness wherever they are. Children are sure to love Mary Newell DePalma's soft and whimsical paintings of mice celebrating summer.",Age 7 - 9 
9767,The sand castle contest,https://lotuscommunity.org.vn/wp-content/uploads/2021/05/The-sand-castle-contest.jpg,17-2,086,Robert Munsch,Sách truyện thiếu nhi,Age 7 - 9 ,Cartwheel Books,"Bestselling team Robert Munsch and Michael Martchenko create another wacky adventure about a boy named Matthew who makes a sandcastle so real, that every

While on vacation. Matthew is excited to take part in the local sandcastle contest. The winner gets a bathtub filled with ice cream!

But Matthew is just too good at building sand castles. The judges all think the house he builds, complete with sand chairs, a sand refrigerator, and sand food is real! He has to prove that it's all just a big pile of sand so he can win that ice cream!",Age 7 - 9 